Count,Label,Latitude,Longitude,District
464,3,16.43854088,75.63356551,Bagalkot
379,3,16.31277674,75.92551798,Bagalkot
309,2,16.24989467,75.51678453,Bagalkot
211,2,16.25887782,75.7323802,Bagalkot
75,2,16.2049789,76.06475685,Bagalkot
70,2,16.32625147,75.24279837,Bagalkot
42,2,16.034299,75.83568645,Bagalkot
40,2,16.2049789,75.37305408,Bagalkot
33,2,16.21845363,76.09170631,Bagalkot
32,2,15.93548432,75.36407093,Bagalkot
31,2,16.08819792,75.86263591,Bagalkot
28,2,15.9579422,75.808737,Bagalkot
24,2,15.84116121,75.53475083,Bagalkot
19,2,16.12862211,75.49432665,Bagalkot
18,2,15.9579422,75.28322255,Bagalkot
18,2,16.53286398,75.5976329,Bagalkot
16,1,15.96692535,75.70992231,Bagalkot
15,2,15.96243378,76.00636636,Bagalkot
14,2,15.83217806,75.64254867,Bagalkot
12,1,15.82768649,75.63356551,Bagalkot
12,1,16.11963895,75.66051497,Bagalkot
10,2,16.02531585,75.78178754,Bagalkot
10,2,16.4340493,75.90755168,Bagalkot
10,2,16.11963895,75.96594217,Bagalkot
10,2,16.41159142,76.02433266,Bagalkot
10,1,16.1870126,76.06475685,Bagalkot
60,2,15.49980141,76.79688381,Ballari
54,2,15.18988263,76.67111967,Ballari
33,2,15.22132367,76.6845944,Ballari
24,2,14.9293712,76.57230499,Ballari
22,3,15.22132367,76.67561124,Ballari
19,2,15.32013835,76.50493134,Ballari
17,2,15.387512,76.73400174,Ballari
15,2,15.20335736,76.72052701,Ballari
15,2,14.79013233,76.7789175,Ballari
15,2,15.05962692,76.85976588,Ballari
14,1,15.41446145,76.66213652,Ballari
14,2,14.78114918,76.74747647,Ballari
13,2,15.1584416,76.71603543,Ballari
13,3,15.14945845,76.84179957,Ballari
12,2,14.92487962,76.51391449,Ballari
12,3,15.10454268,76.58577972,Ballari
12,2,15.22132367,76.62171233,Ballari
12,2,14.9114049,76.71154386,Ballari
12,3,15.48632668,76.73400174,Ballari
11,2,15.07310165,76.72951016,Ballari
11,2,15.40098673,76.81035854,Ballari
11,2,15.17191633,77.102311,Ballari
10,2,15.50429298,76.97205529,Ballari
606,2,15.73336338,74.73974181,Belagavi
306,2,16.05675688,74.47024722,Belagavi
131,3,15.78277072,74.95533748,Belagavi
96,3,16.11514738,74.57804506,Belagavi
35,3,15.97590851,74.60050294,Belagavi
34,2,15.65251501,74.59151979,Belagavi
31,3,16.21396206,74.74423338,Belagavi
23,2,15.97141693,74.60050294,Belagavi
18,2,15.6345487,74.50617983,Belagavi
18,2,15.63005712,74.75770811,Belagavi
14,2,16.00285797,74.61397767,Belagavi
13,2,16.05675688,74.40287358,Belagavi
12,2,15.67946446,74.66787658,Belagavi
12,3,15.80972018,74.69482604,Belagavi
10,2,15.68844762,74.67236816,Belagavi
10,2,15.67048131,74.89694698,Belagavi
69,1,13.11028275,77.86138742,Bengaluru (Rural)
58,1,13.00697649,77.33587298,Bengaluru (Rural)
43,1,13.18663955,77.50206131,Bengaluru (Rural)
43,1,13.06985856,77.76257274,Bengaluru (Rural)
38,2,13.5010499,77.79850535,Bengaluru (Rural)
35,1,13.21808059,77.04392051,Bengaluru (Rural)
26,1,13.2719795,77.82096323,Bengaluru (Rural)
24,1,12.93061969,77.68172436,Bengaluru (Rural)
19,1,13.12824906,77.13375204,Bengaluru (Rural)
18,1,13.27647108,77.09781943,Bengaluru (Rural)
18,2,13.42918468,77.74460643,Bengaluru (Rural)
18,2,13.09231645,77.77604747,Bengaluru (Rural)
18,1,13.31689527,77.7895222,Bengaluru (Rural)
17,1,13.43367625,77.3313814,Bengaluru (Rural)
17,2,13.69867926,77.55596022,Bengaluru (Rural)
16,1,13.2540132,77.38078874,Bengaluru (Rural)
15,2,13.30791211,77.03493736,Bengaluru (Rural)
15,2,13.33037,77.07086997,Bengaluru (Rural)
15,2,13.62232246,77.8074885,Bengaluru (Rural)
14,2,13.45164256,77.27748248,Bengaluru (Rural)
14,1,13.2719795,77.43019608,Bengaluru (Rural)
14,1,13.21358901,77.43917924,Bengaluru (Rural)
14,1,13.22706374,77.56494338,Bengaluru (Rural)
14,2,13.6537635,77.71765697,Bengaluru (Rural)
13,3,13.37079418,77.06637839,Bengaluru (Rural)
13,1,13.06985856,77.09332785,Bengaluru (Rural)
13,2,13.53698251,77.23256672,Bengaluru (Rural)
13,1,12.91714496,77.39875505,Bengaluru (Rural)
13,1,13.29892896,77.56943495,Bengaluru (Rural)
13,2,13.29443738,77.69519909,Bengaluru (Rural)
13,1,13.1776564,77.80299693,Bengaluru (Rural)
12,1,13.29892896,77.08883628,Bengaluru (Rural)
12,2,13.30342054,77.18765096,Bengaluru (Rural)
12,1,13.15070694,77.34036455,Bengaluru (Rural)
12,1,13.69867926,77.37180559,Bengaluru (Rural)
12,2,13.43367625,77.62333387,Bengaluru (Rural)
12,2,13.20011428,77.72664013,Bengaluru (Rural)
12,2,13.13723221,77.74460643,Bengaluru (Rural)
11,2,13.3483363,77.11129416,Bengaluru (Rural)
11,1,13.2719795,77.51553604,Bengaluru (Rural)
11,1,13.63130562,77.58290968,Bengaluru (Rural)
11,1,13.23604689,77.67274121,Bengaluru (Rural)
11,2,13.41570995,77.7131654,Bengaluru (Rural)
10,2,13.40223522,77.07536155,Bengaluru (Rural)
10,2,12.90816181,77.35833086,Bengaluru (Rural)
10,2,13.13723221,77.36731401,Bengaluru (Rural)
10,1,13.26748793,77.38528032,Bengaluru (Rural)
10,1,13.15519852,77.39426347,Bengaluru (Rural)
10,2,12.948586,77.44816239,Bengaluru (Rural)
10,2,13.66723823,77.53350234,Bengaluru (Rural)
10,1,13.53698251,77.52901076,Bengaluru (Rural)
10,2,13.56842355,77.53799392,Bengaluru (Rural)
10,2,13.41121837,77.60536756,Bengaluru (Rural)
10,2,13.55045724,77.61435072,Bengaluru (Rural)
10,2,13.48308359,77.78053904,Bengaluru (Rural)
10,1,13.07435014,77.77604747,Bengaluru (Rural)
10,2,13.56842355,77.83892954,Bengaluru (Rural)
10,2,13.51901621,77.87935373,Bengaluru (Rural)
10,1,13.35731945,77.91079476,Bengaluru (Rural)
41,2,13.14172379,78.05452521,Bengaluru (Urban)
33,2,13.14621536,78.02308417,Bengaluru (Urban)
32,1,13.1776564,77.91977791,Bengaluru (Urban)
32,2,12.92163654,78.08596624,Bengaluru (Urban)
25,2,13.09231645,77.98715156,Bengaluru (Urban)
23,1,12.75544821,77.43019608,Bengaluru (Urban)
23,1,12.99799334,77.83892954,Bengaluru (Urban)
21,2,13.04740068,78.01410102,Bengaluru (Urban)
21,2,13.06087541,77.99164314,Bengaluru (Urban)
20,2,13.01146807,78.09045782,Bengaluru (Urban)
18,2,12.84527974,77.9602021,Bengaluru (Urban)
17,2,12.89468708,77.32239825,Bengaluru (Urban)
17,2,13.15519852,77.95571052,Bengaluru (Urban)
17,2,12.97553546,78.1129157,Bengaluru (Urban)
16,1,12.71502403,77.67274121,Bengaluru (Urban)
14,3,12.8722292,77.33587298,Bengaluru (Urban)
13,1,12.83629659,77.38078874,Bengaluru (Urban)
12,2,13.00248492,77.91977791,Bengaluru (Urban)
12,2,12.8542629,77.93774422,Bengaluru (Urban)
12,1,13.18663955,77.9602021,Bengaluru (Urban)
12,2,12.92163654,78.04105048,Bengaluru (Urban)
11,2,12.77341452,77.65028333,Bengaluru (Urban)
11,1,12.74197348,77.7311317,Bengaluru (Urban)
11,2,12.97104388,77.93325264,Bengaluru (Urban)
11,2,12.93511127,77.97367683,Bengaluru (Urban)
10,2,12.75993979,77.37180559,Bengaluru (Urban)
10,2,12.7779061,77.5604518,Bengaluru (Urban)
10,1,12.88121235,77.87486215,Bengaluru (Urban)
10,1,12.95307758,77.88833688,Bengaluru (Urban)
10,1,13.22706374,77.9422358,Bengaluru (Urban)
10,2,12.96206073,77.9602021,Bengaluru (Urban)
10,2,13.13274063,78.00511786,Bengaluru (Urban)
10,2,12.90367024,78.05003363,Bengaluru (Urban)
242,2,17.85787903,77.28646564,Bidar
164,2,18.14533992,77.23256672,Bidar
103,3,17.79499696,77.34036455,Bidar
58,2,18.13635677,77.18315938,Bidar
18,2,17.54346868,77.484095,Bidar
17,1,17.96567686,77.21460041,Bidar
13,2,18.00610105,77.49756973,Bidar
10,3,17.54796025,77.47511185,Bidar
10,2,18.01059263,77.59638441,Bidar
67,1,12.04128756,76.99900475,Chamarajanagara
48,2,12.18950958,77.10680258,Chamarajanagara
44,2,12.16256013,76.77442593,Chamarajanagara
42,1,12.01882968,77.01697105,Chamarajanagara
40,2,12.12662751,76.63518706,Chamarajanagara
35,1,12.08620333,76.5318808,Chamarajanagara
34,2,11.82120032,77.03044578,Chamarajanagara
25,2,12.17154328,77.02595421,Chamarajanagara
23,2,12.301799,77.16519307,Chamarajanagara
20,2,12.22095062,77.03493736,Chamarajanagara
18,3,12.20747589,76.92713952,Chamarajanagara
16,1,11.88857396,76.97205529,Chamarajanagara
16,1,12.17603486,77.04392051,Chamarajanagara
14,1,11.77179298,76.68908597,Chamarajanagara
14,1,12.17603486,77.02146263,Chamarajanagara
14,1,11.96493076,77.06637839,Chamarajanagara
13,1,12.17154328,76.57679656,Chamarajanagara
13,2,12.20298431,76.63069548,Chamarajanagara
13,2,12.11764436,76.69357755,Chamarajanagara
12,1,11.82569189,76.7025607,Chamarajanagara
12,1,11.85713293,76.94510583,Chamarajanagara
12,2,11.81670874,76.97205529,Chamarajanagara
12,1,12.20747589,77.16519307,Chamarajanagara
11,2,12.00984653,76.75645962,Chamarajanagara
11,1,12.11315279,77.03493736,Chamarajanagara
10,1,11.77179298,76.63518706,Chamarajanagara
10,1,11.74035194,76.68908597,Chamarajanagara
10,1,12.03679599,77.04841209,Chamarajanagara
10,1,12.16256013,77.16968465,Chamarajanagara
46,2,13.45613414,78.130882,Chikkaballapura
45,2,13.49655832,78.08147466,Chikkaballapura
30,2,13.64927192,77.7895222,Chikkaballapura
29,2,13.55494882,77.93325264,Chikkaballapura
29,2,13.49655832,77.95571052,Chikkaballapura
28,2,13.24053847,78.05003363,Chikkaballapura
27,2,13.45164256,77.92426949,Chikkaballapura
23,2,13.43816783,78.06799993,Chikkaballapura
22,2,13.60884773,77.8838453,Chikkaballapura
21,2,13.66274665,77.92876107,Chikkaballapura
21,2,13.46511729,78.02308417,Chikkaballapura
20,2,13.72562872,77.8074885,Chikkaballapura
20,2,13.51901621,78.00960944,Chikkaballapura
20,2,13.43816783,78.00511786,Chikkaballapura
19,2,13.30342054,78.10842412,Chikkaballapura
16,2,13.37079418,78.02308417,Chikkaballapura
16,2,13.31240369,78.14884831,Chikkaballapura
15,2,13.64927192,77.95571052,Chikkaballapura
14,2,13.78401921,77.94672737,Chikkaballapura
13,2,13.7301203,77.75808116,Chikkaballapura
13,2,13.73910345,77.93774422,Chikkaballapura
13,2,13.39325207,78.07249151,Chikkaballapura
12,2,13.76156133,77.76706431,Chikkaballapura
12,2,13.68520453,77.87486215,Chikkaballapura
12,2,13.55494882,77.8838453,Chikkaballapura
12,2,13.59986458,77.87037057,Chikkaballapura
12,2,13.52350778,77.92426949,Chikkaballapura
12,2,13.60435616,77.99164314,Chikkaballapura
12,2,13.51901621,78.14435673,Chikkaballapura
11,2,13.76156133,77.65028333,Chikkaballapura
11,2,13.7301203,77.85689584,Chikkaballapura
11,2,13.52799936,77.97816841,Chikkaballapura
11,2,13.67622138,78.00960944,Chikkaballapura
11,2,13.46960886,78.00960944,Chikkaballapura
11,2,13.24503004,78.03206732,Chikkaballapura
11,2,13.28545423,78.05452521,Chikkaballapura
11,2,13.20011428,78.07249151,Chikkaballapura
10,2,13.81995183,77.82545481,Chikkaballapura
10,2,13.6537635,77.87037057,Chikkaballapura
10,2,13.84690128,77.8838453,Chikkaballapura
10,1,13.32587842,77.93774422,Chikkaballapura
10,2,13.82893498,77.93774422,Chikkaballapura
10,2,13.47859202,77.97816841,Chikkaballapura
10,1,13.33935315,78.02757575,Chikkaballapura
10,2,13.32138684,78.0365589,Chikkaballapura
10,1,13.29892896,78.10842412,Chikkaballapura
10,2,13.64478035,78.12639043,Chikkaballapura
10,2,13.40223522,78.14435673,Chikkaballapura
464,2,13.64028877,75.49881822,Chikkamagaluru
253,3,13.63579719,75.53924241,Chikkamagaluru
68,1,13.43816783,76.17255469,Chikkamagaluru
49,3,13.1776564,75.85814434,Chikkamagaluru
45,2,13.24503004,75.40000354,Chikkamagaluru
44,2,13.08782487,75.88509379,Chikkamagaluru
39,2,13.1956227,75.9030601,Chikkamagaluru
33,2,12.93511127,75.79077069,Chikkamagaluru
25,2,13.05189226,75.71441389,Chikkamagaluru
24,2,13.26299635,75.44491931,Chikkamagaluru
24,2,13.28545423,75.85814434,Chikkamagaluru
23,2,13.32138684,75.49432665,Chikkamagaluru
23,2,13.09231645,76.04229897,Chikkamagaluru
22,2,13.6717298,75.64704024,Chikkamagaluru
22,2,13.07884172,76.12314734,Chikkamagaluru
21,1,12.90367024,75.808737,Chikkamagaluru
21,2,13.18214797,76.00636636,Chikkamagaluru
19,2,13.70317084,75.63356551,Chikkamagaluru
18,2,13.22706374,75.84916118,Chikkamagaluru
18,2,13.06985856,76.14560523,Chikkamagaluru
18,1,13.41121837,76.1500968,Chikkamagaluru
16,2,12.96655231,76.06026527,Chikkamagaluru
15,2,13.73910345,75.65153182,Chikkamagaluru
15,1,13.31689527,76.06924843,Chikkamagaluru
14,2,13.70766241,75.79975384,Chikkamagaluru
14,2,13.7480866,75.84916118,Chikkamagaluru
14,2,13.20909743,75.88509379,Chikkamagaluru
14,2,13.07435014,75.98840005,Chikkamagaluru
14,2,13.02943438,76.11416419,Chikkamagaluru
14,1,13.34384472,76.11416419,Chikkamagaluru
13,2,13.34384472,75.47636034,Chikkamagaluru
13,1,13.28994581,75.8267033,Chikkamagaluru
13,2,13.45164256,75.88060222,Chikkamagaluru
13,2,13.0249428,76.06475685,Chikkamagaluru
13,1,13.40672679,76.09619789,Chikkamagaluru
12,2,13.37528576,75.48085192,Chikkamagaluru
12,2,13.35282788,75.75932965,Chikkamagaluru
12,2,13.71215399,75.76382123,Chikkamagaluru
12,1,13.62232246,76.10518104,Chikkamagaluru
12,1,13.12824906,76.14560523,Chikkamagaluru
11,2,13.72562872,75.94797586,Chikkamagaluru
11,1,12.96206073,76.05128212,Chikkamagaluru
11,1,13.21808059,76.06475685,Chikkamagaluru
11,1,13.07884172,76.08272316,Chikkamagaluru
11,1,13.15070694,76.1321305,Chikkamagaluru
10,2,12.95756915,75.76382123,Chikkamagaluru
10,2,13.70766241,75.83119488,Chikkamagaluru
10,1,13.33486157,76.06924843,Chikkamagaluru
10,2,13.12375748,76.11416419,Chikkamagaluru
66,3,13.83342655,76.46899873,Chitradurga
31,2,14.32749996,76.72951016,Chitradurga
29,1,14.17927794,76.25340306,Chitradurga
19,2,14.38589045,76.36569247,Chitradurga
19,2,14.26461789,76.6845944,Chitradurga
17,2,14.358941,76.19950414,Chitradurga
17,2,13.85139286,76.57679656,Chitradurga
17,2,13.83791813,76.62171233,Chitradurga
16,2,14.50267144,76.13662207,Chitradurga
15,2,14.21071897,76.59027129,Chitradurga
15,2,14.10292114,76.78790066,Chitradurga
15,2,14.17927794,76.76993435,Chitradurga
14,1,14.64640189,76.29831883,Chitradurga
13,2,14.45775568,76.07374,Chitradurga
13,1,14.39038203,76.37018405,Chitradurga
13,1,14.46673883,76.52738922,Chitradurga
13,1,14.00859804,76.54535553,Chitradurga
13,2,14.32749996,76.82832484,Chitradurga
12,1,14.27360104,76.18602941,Chitradurga
12,2,14.27360104,76.30730198,Chitradurga
12,2,14.42631464,76.50942292,Chitradurga
12,1,14.16131163,76.52738922,Chitradurga
12,1,14.47572198,76.60374602,Chitradurga
12,2,13.88732547,76.62171233,Chitradurga
12,2,14.3005505,76.65764494,Chitradurga
11,2,14.40834834,75.9973832,Chitradurga
11,2,14.08046326,76.2264536,Chitradurga
11,2,13.88732547,76.31628513,Chitradurga
11,1,14.07597168,76.64866179,Chitradurga
11,2,14.17478636,76.64866179,Chitradurga
10,1,14.46673883,76.25340306,Chitradurga
10,2,14.17478636,76.30730198,Chitradurga
10,2,14.12537902,76.56781341,Chitradurga
10,2,14.07148011,76.69806913,Chitradurga
10,1,14.38139888,76.73400174,Chitradurga
10,2,14.18826109,76.81035854,Chitradurga
10,2,14.25114316,76.81485011,Chitradurga
214,2,12.88121235,75.03618585,Dakshina Kannada
116,3,12.82282186,74.83406491,Dakshina Kannada
106,2,12.93960285,74.89694698,Dakshina Kannada
50,2,12.83629659,75.26525625,Dakshina Kannada
32,2,12.69705772,75.46737719,Dakshina Kannada
24,1,12.95756915,74.85203122,Dakshina Kannada
21,3,13.23155531,75.22483206,Dakshina Kannada
18,3,12.89019551,75.045169,Dakshina Kannada
15,3,12.86324605,74.98228693,Dakshina Kannada
12,2,12.86324605,74.97779536,Dakshina Kannada
12,2,13.24952162,75.05415216,Dakshina Kannada
12,2,12.58476831,75.34610462,Dakshina Kannada
11,2,12.55781885,75.38203724,Dakshina Kannada
11,2,12.82282186,75.55271714,Dakshina Kannada
10,1,12.93960285,74.90593013,Dakshina Kannada
10,2,12.85875447,74.94186275,Dakshina Kannada
10,2,13.01146807,75.14847526,Dakshina Kannada
63,3,14.10741272,75.88958537,Davanagere
42,2,14.11190429,75.93450114,Davanagere
28,2,14.13436217,75.69195601,Davanagere
27,2,14.6823345,75.80424542,Davanagere
24,2,14.55207878,75.81322857,Davanagere
22,3,14.36343257,75.8267033,Davanagere
21,2,14.06698853,75.86263591,Davanagere
20,2,14.22868528,75.69195601,Davanagere
19,2,14.10741272,75.88958537,Davanagere
18,2,14.7766576,75.69644758,Davanagere
18,2,14.06249695,75.7323802,Davanagere
18,2,14.34546627,75.8267033,Davanagere
17,2,14.67335135,75.77729596,Davanagere
16,2,14.47123041,75.70543074,Davanagere
16,2,14.50716302,75.7503465,Davanagere
16,2,14.8350481,75.99289163,Davanagere
14,1,14.71826711,75.8267033,Davanagere
13,2,14.03105592,75.84916118,Davanagere
13,1,14.67784292,75.87161907,Davanagere
12,2,14.70928396,75.7503465,Davanagere
12,1,14.74521657,75.88958537,Davanagere
12,2,14.04453065,75.89856852,Davanagere
12,1,14.80360706,76.2264536,Davanagere
11,2,14.50267144,75.46288561,Davanagere
11,2,14.74521657,75.71890547,Davanagere
11,2,14.73623342,75.7503465,Davanagere
11,2,14.52512932,75.79526227,Davanagere
11,2,14.55207878,76.01984109,Davanagere
10,2,14.36343257,75.62458236,Davanagere
10,2,14.5296209,75.98840005,Davanagere
85,1,15.1584416,74.78914915,Dharwad
63,2,15.12700056,74.77567442,Dharwad
46,3,15.21234052,74.67685974,Dharwad
28,2,15.3111552,74.98677851,Dharwad
20,2,15.11801741,74.7217755,Dharwad
19,2,15.85463594,75.12601738,Dharwad
16,2,15.24378155,74.63643555,Dharwad
16,2,15.01471115,75.06762689,Dharwad
16,2,15.18539106,75.09457634,Dharwad
13,1,15.23030682,74.66787658,Dharwad
12,2,15.06861007,75.04067743,Dharwad
11,2,15.29768047,74.81609861,Dharwad
11,2,15.22132367,74.97330378,Dharwad
11,2,15.32462993,75.05864373,Dharwad
10,2,15.1764079,75.05864373,Dharwad
10,2,15.10454268,75.11254265,Dharwad
34,2,15.02369431,75.79975384,Gadag
16,2,15.18089948,75.62907394,Gadag
12,2,15.06861007,75.76831281,Gadag
360,2,12.82282186,75.81772015,Hassan
115,3,12.78688925,75.99289163,Hassan
87,2,12.75544821,76.03331582,Hassan
51,2,12.99350176,76.11865577,Hassan
35,2,12.78239767,76.2264536,Hassan
28,1,12.81833028,75.83568645,Hassan
28,2,12.94409442,76.31628513,Hassan
26,1,13.18663955,76.3791672,Hassan
26,1,13.02943438,76.55433868,Hassan
24,2,12.78239767,76.33425144,Hassan
23,1,13.28096266,76.26687779,Hassan
23,1,13.04740068,76.27586094,Hassan
23,1,12.95756915,76.47798188,Hassan
22,2,12.75544821,76.18153784,Hassan
22,1,13.02045122,76.24891148,Hassan
18,1,12.7195156,76.39713351,Hassan
17,2,12.72849876,76.14560523,Hassan
17,2,13.02045122,76.19501257,Hassan
16,2,12.80934713,76.12314734,Hassan
16,2,13.03841753,76.14560523,Hassan
16,2,13.05189226,76.23094518,Hassan
16,2,13.07435014,76.31628513,Hassan
16,2,13.12824906,76.41509981,Hassan
14,2,12.85875447,75.81772015,Hassan
14,1,12.76892294,76.07823158,Hassan
14,2,12.61171777,76.08721473,Hassan
14,2,12.89019551,76.24441991,Hassan
14,2,13.00697649,76.24441991,Hassan
14,2,12.92612812,76.27136937,Hassan
14,2,12.82282186,76.29831883,Hassan
14,2,12.92612812,76.30730198,Hassan
14,1,13.05189226,76.30730198,Hassan
14,2,13.06087541,76.39713351,Hassan
14,2,12.76892294,76.43755769,Hassan
14,2,12.84527974,76.47349031,Hassan
14,2,13.0249428,76.46899873,Hassan
13,2,12.69256614,76.1500968,Hassan
13,1,13.00697649,76.1500968,Hassan
13,2,12.58476831,76.1500968,Hassan
13,1,13.07435014,76.18153784,Hassan
13,1,13.09231645,76.22196203,Hassan
13,2,12.98451861,76.47349031,Hassan
12,2,12.90367024,76.10518104,Hassan
12,3,12.81833028,76.18602941,Hassan
12,2,12.98002703,76.20399572,Hassan
12,1,13.32138684,76.3791672,Hassan
12,1,13.15969009,76.50493134,Hassan
11,1,12.92612812,76.01534951,Hassan
11,1,12.96655231,76.09619789,Hassan
11,2,12.59824304,76.12763892,Hassan
11,2,13.09231645,76.33425144,Hassan
11,1,12.98002703,76.32975986,Hassan
11,2,12.90367024,76.39264193,Hassan
11,2,13.07435014,76.43755769,Hassan
11,2,12.93511127,76.42408296,Hassan
11,2,13.13274063,76.54086395,Hassan
10,1,12.99350176,76.11416419,Hassan
10,2,12.71053245,76.1321305,Hassan
10,1,13.00697649,76.19501257,Hassan
10,2,12.7195156,76.26238621,Hassan
10,2,12.64765038,76.24891148,Hassan
10,2,12.81383871,76.2848441,Hassan
10,1,13.14621536,76.39713351,Hassan
10,2,13.02943438,76.43306612,Hassan
237,2,14.56106193,75.03618585,Haveri
158,2,14.87547228,75.40898669,Haveri
85,2,14.47123041,75.21135733,Haveri
58,2,14.4532641,75.31466359,Haveri
45,2,14.53411248,75.40449512,Haveri
40,2,14.45775568,75.36856251,Haveri
38,2,14.58351982,75.23381521,Haveri
35,2,14.7003008,74.97330378,Haveri
35,2,14.40834834,75.21135733,Haveri
32,2,14.7766576,75.29669728,Haveri
31,2,14.88894701,75.15745841,Haveri
31,2,14.43978937,75.2562731,Haveri
31,2,14.56106193,75.35957935,Haveri
31,3,14.91589647,75.68746443,Haveri
30,2,14.61046928,75.26974782,Haveri
28,2,14.68682607,75.1215258,Haveri
28,2,14.44428095,75.31017201,Haveri
27,2,14.39038203,75.3505962,Haveri
27,2,14.51614617,75.34161305,Haveri
23,2,14.40385676,75.26525625,Haveri
21,2,14.71377553,75.15745841,Haveri
21,2,14.75419972,75.38203724,Haveri
20,2,15.00123642,75.77729596,Haveri
19,2,14.92038805,75.16194999,Haveri
19,2,14.59699455,75.13050896,Haveri
19,2,14.67784292,75.34161305,Haveri
19,2,14.49368829,75.42246142,Haveri
18,2,14.86199756,75.31915517,Haveri
17,3,15.00123642,75.78627911,Haveri
17,2,14.9293712,75.79975384,Haveri
16,2,14.62843558,75.06762689,Haveri
16,2,14.87547228,75.12601738,Haveri
16,2,14.82157337,75.17542472,Haveri
16,2,14.5296209,75.22034048,Haveri
16,2,14.61945243,75.23830679,Haveri
15,2,14.59250297,75.04966058,Haveri
15,2,14.358941,75.29669728,Haveri
15,2,14.59699455,75.31017201,Haveri
14,2,14.56106193,75.15745841,Haveri
14,2,14.57902824,75.26525625,Haveri
14,2,14.54309563,75.39102039,Haveri
13,2,14.88894701,75.07211846,Haveri
13,2,14.92487962,75.19339103,Haveri
13,2,14.51614617,75.31915517,Haveri
13,2,14.58801139,75.40449512,Haveri
12,2,14.70479238,75.29669728,Haveri
12,2,14.67335135,75.33262989,Haveri
12,2,14.61945243,75.31466359,Haveri
11,2,14.94733751,75.15745841,Haveri
11,2,14.49817986,75.28322255,Haveri
11,2,14.61496085,75.39551196,Haveri
10,2,14.91589647,75.02271112,Haveri
10,2,14.96979539,75.08110162,Haveri
10,2,14.60148612,75.08110162,Haveri
10,2,14.69580923,75.1035595,Haveri
10,2,14.93835435,75.13500053,Haveri
10,2,14.80809864,75.13949211,Haveri
10,2,14.44428095,75.15745841,Haveri
10,2,14.70928396,75.24728994,Haveri
10,2,14.7003008,75.24728994,Haveri
10,2,14.50716302,75.24728994,Haveri
10,2,14.65987662,75.35508778,Haveri
10,2,14.64640189,75.40000354,Haveri
10,2,14.43978937,75.40449512,Haveri
10,2,14.94733751,75.69644758,Haveri
77,3,17.49406134,76.92264795,Kalburgi
54,3,17.13024365,76.72052701,Kalburgi
49,3,17.06287,76.57230499,Kalburgi
45,3,17.52999395,77.2550246,Kalburgi
42,2,17.49855291,76.54086395,Kalburgi
27,3,17.55694341,76.90468164,Kalburgi
27,2,17.22456675,77.21909199,Kalburgi
19,2,17.17066784,77.07536155,Kalburgi
17,2,17.3862635,76.7609512,Kalburgi
17,3,17.07634473,76.78340908,Kalburgi
15,3,17.48058661,76.54086395,Kalburgi
15,2,17.47160346,76.99900475,Kalburgi
15,2,17.17066784,77.01247948,Kalburgi
15,2,17.43117927,77.02595421,Kalburgi
14,3,17.07185315,76.67111967,Kalburgi
14,2,17.08981946,76.76544277,Kalburgi
14,2,17.04041212,76.92264795,Kalburgi
14,3,17.70965701,76.99900475,Kalburgi
13,2,17.13024365,76.48696503,Kalburgi
13,2,17.71414858,76.98553002,Kalburgi
12,3,17.12575207,76.5498471,Kalburgi
11,3,17.11227734,76.51391449,Kalburgi
11,3,17.06287,76.84629115,Kalburgi
11,2,16.93261428,77.02595421,Kalburgi
11,2,17.18414256,77.14722677,Kalburgi
10,3,17.14820995,76.50493134,Kalburgi
10,1,17.22007518,76.65764494,Kalburgi
10,1,17.19312572,76.73400174,Kalburgi
10,2,17.51202764,76.90468164,Kalburgi
10,2,17.11227734,76.95408898,Kalburgi
10,2,17.43567084,76.99002159,Kalburgi
10,2,17.72313173,77.0079879,Kalburgi
99,2,12.28832427,75.84466961,Kodagu
95,2,12.4724789,75.86263591,Kodagu
28,3,12.4724789,75.88509379,Kodagu
24,3,12.5488357,75.99289163,Kodagu
21,2,12.27484954,75.75932965,Kodagu
17,2,12.27934111,76.20399572,Kodagu
15,2,12.53536097,75.98390848,Kodagu
14,2,12.35120634,76.08721473,Kodagu
13,3,12.53086939,76.2084873,Kodagu
12,1,12.36018949,76.17704626,Kodagu
11,2,12.3961221,75.87611064,Kodagu
11,1,12.50391993,75.92551798,Kodagu
11,1,12.16256013,76.03780739,Kodagu
11,2,12.40959683,76.06924843,Kodagu
11,1,12.33324003,76.1500968,Kodagu
475,2,13.15070694,78.27910403,Kolara
113,2,12.96655231,78.30605349,Kolara
79,2,13.47410044,78.30605349,Kolara
43,2,13.0429091,78.11740728,Kolara
40,2,13.00697649,78.33300294,Kolara
29,2,13.24503004,78.15333989,Kolara
28,2,13.44715098,78.32851137,Kolara
27,2,13.24053847,78.34647767,Kolara
25,2,13.38876049,78.33749452,Kolara
25,2,13.07884172,78.39139344,Kolara
23,2,12.87672078,78.18028935,Kolara
20,2,13.28545423,78.31054506,Kolara
20,2,13.28994581,78.43181762,Kolara
18,2,13.43367625,78.22520511,Kolara
18,2,12.92612812,78.28808718,Kolara
16,2,12.91265339,78.29257876,Kolara
16,2,13.18663955,78.43181762,Kolara
15,2,13.25850477,78.38690186,Kolara
15,2,13.19113113,78.49020812,Kolara
14,2,13.51003305,78.22969669,Kolara
14,2,13.54147409,78.28808718,Kolara
14,2,13.51901621,78.30156191,Kolara
14,2,13.53249093,78.3419861,Kolara
14,2,13.12375748,78.38690186,Kolara
13,2,12.87672078,78.14884831,Kolara
13,2,13.49206675,78.3419861,Kolara
12,2,12.92163654,78.12189885,Kolara
12,2,13.15070694,78.21622196,Kolara
12,1,13.37977734,78.2656293,Kolara
12,2,13.24053847,78.36893556,Kolara
12,2,13.23604689,78.47224181,Kolara
11,1,13.12375748,78.13537358,Kolara
11,2,12.91265339,78.16681462,Kolara
11,2,13.03841753,78.18028935,Kolara
11,2,13.15070694,78.23418826,Kolara
11,2,13.06087541,78.22969669,Kolara
11,1,13.2719795,78.23867984,Kolara
11,1,13.33935315,78.28808718,Kolara
11,1,13.33935315,78.3419861,Kolara
11,2,13.14172379,78.40486817,Kolara
11,2,13.24952162,78.512666,Kolara
10,2,13.15969009,78.12189885,Kolara
10,2,13.12824906,78.14435673,Kolara
10,1,13.52799936,78.18478092,Kolara
10,1,12.95307758,78.19825565,Kolara
10,2,13.28994581,78.25215457,Kolara
10,2,13.38876049,78.24766299,Kolara
10,2,13.24952162,78.2835956,Kolara
10,2,13.54147409,78.29707033,Kolara
10,1,13.3483363,78.32851137,Kolara
10,2,13.1776564,78.49919127,Kolara
182,3,15.20335736,76.2848441,Koppal
52,1,14.95632066,76.15458838,Koppal
47,2,15.4818351,76.10068946,Koppal
26,2,15.07310165,76.34323459,Koppal
20,1,14.93386278,76.31179355,Koppal
20,2,15.12250899,76.37018405,Koppal
18,2,15.02818588,75.86263591,Koppal
18,2,15.01021958,76.37018405,Koppal
15,1,15.01920273,76.2264536,Koppal
13,2,15.08657638,76.37018405,Koppal
13,2,15.69743077,76.45103242,Koppal
12,3,15.44590249,76.10967262,Koppal
11,3,15.19886579,76.25789464,Koppal
11,2,15.71539707,76.30730198,Koppal
10,2,15.3291215,76.24891148,Koppal
10,2,14.95632066,76.26687779,Koppal
10,2,15.58963294,76.46450715,Koppal
182,3,12.42307156,76.46899873,Mandya
64,2,12.30629057,77.21460041,Mandya
42,3,12.92163654,76.87773218,Mandya
40,1,12.96655231,76.92713952,Mandya
36,1,12.40959683,76.6082376,Mandya
24,2,12.62070092,77.18315938,Mandya
22,1,12.41408841,76.68010282,Mandya
22,1,12.75993979,77.04841209,Mandya
19,1,12.89468708,76.98103844,Mandya
19,1,12.84078817,77.07536155,Mandya
18,2,12.49942836,76.57679656,Mandya
18,2,12.92612812,76.85976588,Mandya
17,2,12.7779061,76.52738922,Mandya
17,1,12.54434412,77.09332785,Mandya
17,2,12.42756314,77.18315938,Mandya
16,2,12.56231043,76.6262039,Mandya
16,1,12.566802,77.06188682,Mandya
15,1,12.53086939,76.86425745,Mandya
15,2,12.65214196,77.15620992,Mandya
14,3,12.55332727,76.63069548,Mandya
14,2,12.51290309,76.99451317,Mandya
14,2,12.48595363,77.08883628,Mandya
14,2,12.52637782,77.1607015,Mandya
14,1,12.73299033,77.19214253,Mandya
13,2,12.81833028,76.55433868,Mandya
13,2,12.82731344,76.78340908,Mandya
13,1,12.73299033,76.85976588,Mandya
12,1,12.25239165,76.56332183,Mandya
12,2,12.83180501,76.87324061,Mandya
12,1,12.71053245,77.02146263,Mandya
12,2,12.75544821,77.01697105,Mandya
12,2,12.60722619,77.07086997,Mandya
12,2,12.59375146,77.20561726,Mandya
11,2,12.83180501,76.59027129,Mandya
11,2,12.86324605,76.61272917,Mandya
11,2,12.8722292,76.84179957,Mandya
11,1,12.81833028,76.99900475,Mandya
11,3,12.47697048,77.11578573,Mandya
11,2,12.57578516,77.24154987,Mandya
10,2,12.6251925,76.49145661,Mandya
10,2,12.69705772,76.58577972,Mandya
10,2,12.41408841,76.7025607,Mandya
10,2,12.83180501,76.75645962,Mandya
10,2,12.66561669,76.90019007,Mandya
10,1,12.89917866,77.04392051,Mandya
10,1,12.45900417,77.18765096,Mandya
10,2,12.56231043,77.19663411,Mandya
10,2,12.4904452,77.30892352,Mandya
623,2,12.36917264,76.38365878,Mysuru
156,3,11.99188022,76.3028104,Mysuru
39,2,11.98738865,76.32526828,Mysuru
26,2,12.01882968,76.38365878,Mysuru
24,3,11.92450658,76.44204927,Mysuru
21,1,12.07722017,76.43306612,Mysuru
20,2,12.12213594,76.43306612,Mysuru
20,2,12.04128756,76.39713351,Mysuru
18,1,12.6431588,76.40162508,Mysuru
17,2,12.19849274,76.34772617,Mysuru
17,1,12.25688323,76.41959139,Mysuru
16,2,12.55781885,76.29831883,Mysuru
14,2,12.09967806,76.32526828,Mysuru
14,2,12.0906949,76.46899873,Mysuru
14,2,12.10416963,76.50493134,Mysuru
13,2,12.28832427,76.33425144,Mysuru
13,1,12.11315279,76.46899873,Mysuru
12,2,12.51290309,76.32526828,Mysuru
12,2,12.10866121,76.48696503,Mysuru
11,2,11.96043919,76.34323459,Mysuru
10,2,12.65663353,76.40611666,Mysuru
10,1,12.14010224,76.41509981,Mysuru
61,2,16.3397262,77.53350234,Raichur
53,2,15.94446747,77.43468766,Raichur
51,3,16.5104061,77.03942893,Raichur
46,2,15.93548432,77.37180559,Raichur
41,2,16.4340493,77.1786678,Raichur
24,2,16.22743679,77.07086997,Raichur
22,2,15.9579422,77.22807514,Raichur
22,2,16.416083,77.24604145,Raichur
22,2,16.39362511,77.29095721,Raichur
19,2,16.07023161,77.45265397,Raichur
17,3,15.94446747,77.15171835,Raichur
16,3,16.49693137,77.20112569,Raichur
14,1,16.09718107,76.92264795,Raichur
14,2,16.16455472,77.24604145,Raichur
14,3,16.33523462,77.58740126,Raichur
13,2,16.13760526,77.41672135,Raichur
12,2,16.23641994,77.3134151,Raichur
12,1,16.36667566,77.3313814,Raichur
12,2,16.59125448,77.41222978,Raichur
11,2,16.51938925,77.32688983,Raichur
11,2,16.13760526,77.37629717,Raichur
10,1,16.06124846,76.95408898,Raichur
10,1,16.3397262,77.12027731,Raichur
10,3,16.416083,77.24604145,Raichur
10,2,15.95345063,77.2550246,Raichur
10,2,15.98938324,77.37180559,Raichur
43,2,12.43205471,77.45265397,Ramanagara
18,1,12.99799334,77.04392051,Ramanagara
15,1,13.01146807,77.102311,Ramanagara
10,3,13.02943438,77.02595421,Ramanagara
149,2,13.86037601,75.56170029,Shivamogga
124,2,13.63130562,75.22483206,Shivamogga
69,2,13.69867926,75.29669728,Shivamogga
50,2,13.74359503,75.45839403,Shivamogga
43,2,14.10292114,75.35957935,Shivamogga
38,2,14.14334533,75.22034048,Shivamogga
34,2,13.82893498,75.93450114,Shivamogga
30,3,13.8064771,75.50780138,Shivamogga
30,2,13.85588444,75.93899271,Shivamogga
21,2,13.86037601,75.70093916,Shivamogga
18,3,13.79749394,75.49432665,Shivamogga
18,2,13.83342655,75.94348429,Shivamogga
17,2,13.99063173,75.56170029,Shivamogga
16,2,13.7480866,75.9030601,Shivamogga
16,2,13.7301203,75.95695902,Shivamogga
15,3,13.7480866,75.46737719,Shivamogga
15,2,14.09393799,75.52576768,Shivamogga
13,2,14.34097469,75.40449512,Shivamogga
12,2,14.18376952,75.35508778,Shivamogga
12,2,14.26461789,75.41796985,Shivamogga
12,2,13.96817385,75.44042773,Shivamogga
12,2,13.81995183,75.71441389,Shivamogga
11,3,14.1298706,75.37754566,Shivamogga
11,2,14.11190429,75.49881822,Shivamogga
11,2,13.79300237,75.48534349,Shivamogga
11,2,13.77054448,75.70992231,Shivamogga
10,2,14.30504208,75.44042773,Shivamogga
10,2,13.73910345,75.93000956,Shivamogga
43,2,13.24053847,76.86425745,Tumakuru
28,1,13.13723221,77.01247948,Tumakuru
25,2,13.28994581,76.95408898,Tumakuru
24,2,13.16867324,76.8552743,Tumakuru
24,2,13.60884773,76.93612268,Tumakuru
20,2,13.09680802,76.75196804,Tumakuru
20,2,13.69867926,76.85078272,Tumakuru
20,2,13.13274063,76.89120691,Tumakuru
17,2,13.60435616,76.87773218,Tumakuru
17,1,13.24053847,76.96307214,Tumakuru
16,1,13.60884773,76.78340908,Tumakuru
16,1,13.0249428,76.91815637,Tumakuru
16,2,13.35282788,76.95858056,Tumakuru
16,1,13.1012996,77.01247948,Tumakuru
15,2,13.25850477,76.77442593,Tumakuru
15,2,13.06985856,76.78790066,Tumakuru
15,1,13.05189226,76.81934169,Tumakuru
15,2,13.45164256,76.93612268,Tumakuru
14,2,13.67622138,76.92264795,Tumakuru
14,2,13.73461187,77.25951618,Tumakuru
13,2,13.1192659,76.76993435,Tumakuru
13,2,13.32138684,76.85976588,Tumakuru
13,2,13.35731945,77.00349632,Tumakuru
12,1,13.07435014,76.85078272,Tumakuru
12,2,13.35731945,76.84179957,Tumakuru
11,2,13.23155531,76.71603543,Tumakuru
11,2,13.51452463,76.71154386,Tumakuru
11,2,13.42918468,76.74298489,Tumakuru
11,1,13.48757517,76.76544277,Tumakuru
11,2,13.35731945,76.81485011,Tumakuru
11,2,13.39774364,76.83281642,Tumakuru
11,2,13.39774364,76.87773218,Tumakuru
11,2,13.36181103,76.90468164,Tumakuru
11,2,13.30791211,76.9316311,Tumakuru
10,2,13.28545423,76.88222376,Tumakuru
10,2,13.71664557,76.92264795,Tumakuru
10,2,13.41121837,76.94959741,Tumakuru
10,2,13.71215399,76.99451317,Tumakuru
10,1,13.23155531,77.01247948,Tumakuru
10,2,13.52799936,77.01247948,Tumakuru
208,2,13.65825507,75.04067743,Udupi
109,3,13.47859202,74.68584289,Udupi
82,2,13.35282788,74.88796383,Udupi
42,2,13.48308359,74.86101437,Udupi
39,3,13.28994581,74.74872496,Udupi
35,3,13.15969009,74.75321654,Udupi
29,2,13.58638985,74.85203122,Udupi
23,2,13.45164256,74.81160703,Udupi
22,3,13.69867926,74.64991028,Udupi
22,2,13.10579117,74.79364072,Udupi
21,2,13.7301203,74.65440186,Udupi
20,1,13.56842355,74.7217755,Udupi
19,3,13.68071296,74.67236816,Udupi
19,2,13.46062571,74.73525023,Udupi
18,2,13.64478035,74.95533748,Udupi
17,1,13.50554148,74.71728393,Udupi
16,3,13.67622138,74.6454187,Udupi
16,2,13.28096266,74.77567442,Udupi
15,2,13.41121837,74.77118284,Udupi
13,2,13.60884773,74.70830077,Udupi
13,3,13.70766241,75.00474482,Udupi
12,3,13.06087541,74.780166,Udupi
10,1,13.40223522,74.81609861,Udupi
10,1,13.1192659,74.86101437,Udupi
10,1,13.5774067,74.8744891,Udupi
193,3,14.46224725,74.48821353,Uttara Kannada
127,3,14.89343859,74.47923037,Uttara Kannada
66,2,14.66885977,74.43880619,Uttara Kannada
64,3,14.93835435,74.54660402,Uttara Kannada
46,3,14.58351982,74.29507574,Uttara Kannada
36,2,14.43978937,74.6274524,Uttara Kannada
34,2,14.82157337,74.6274524,Uttara Kannada
24,2,14.92038805,74.51516299,Uttara Kannada
16,2,15.06411849,74.61397767,Uttara Kannada
15,1,14.54309563,74.38490727,Uttara Kannada
15,3,14.59250297,74.38490727,Uttara Kannada
15,2,14.42631464,74.54211244,Uttara Kannada
14,2,14.52512932,75.01821955,Uttara Kannada
13,2,14.41283991,74.77118284,Uttara Kannada
10,2,14.55207878,74.35346624,Uttara Kannada
10,2,14.83055652,74.70830077,Uttara Kannada
22,2,13.81096867,76.19052099,Vijayanagara
14,2,13.66274665,76.14560523,Vijayanagara
12,2,13.78401921,76.19501257,Vijayanagara
15,2,16.87871537,75.70992231,Vijayapura
14,2,17.14820995,75.79526227,Vijayapura
12,2,16.60922078,75.51229295,Vijayapura
12,2,17.1392268,75.66051497,Vijayapura
12,2,16.84727433,75.75483808,Vijayapura
11,2,17.12126049,75.87611064,Vijayapura
11,1,16.9685469,76.13662207,Vijayapura
10,2,16.85176591,75.74136335,Vijayapura
10,2,16.9865132,75.76382123,Vijayapura
10,2,16.99100478,76.1321305,Vijayapura
87,2,16.52837241,76.96756371,Yadgir
57,3,16.8158333,76.90917322,Yadgir
45,3,16.64066182,77.15171835,Yadgir
42,2,16.71252704,77.14722677,Yadgir
30,3,16.80685015,76.98103844,Yadgir
22,2,16.48794822,76.87324061,Yadgir
22,2,16.68557758,77.15171835,Yadgir
18,2,16.82032487,76.92713952,Yadgir
17,2,16.89668167,77.07086997,Yadgir
15,2,16.44303246,76.85078272,Yadgir
12,2,16.88320694,77.14273519,Yadgir
11,2,16.87422379,77.17417623,Yadgir
11,2,17.16168468,77.29095721,Yadgir
10,2,16.49693137,76.9316311,Yadgir
10,2,16.82930803,77.43468766,Yadgir
10,2,16.84727433,77.44816239,Yadgir
